Workbook

Sheet RO-Hist-Data-Sync-HS-Import
A1: Deal ID | B1: Deal Name | C1: RO History Jira Ticket
A2: 18274487698 | B2: Sands Chevrolet Glendale | C2: SKAI-6800
A3: 18272418616 | B3: Eastchester CDJR | C3: SKAI-6569
A4: 19045786741 | B4: Empire Auto Group | C4: SKAI-6547
A5: 18636435848 | B5: Mercedes-Benz of Macon - skailite | C5: SKAI-6547
A6: 18557839442 | B6: Toyota of Irving - New Deal | C6: SKAI-6575
A7: 51446643891 | B7: Ray Catena Auto Group - New Deal | C7: SKAI-6575
A8: 18580957508 | B8: Autos of Forney | C8: SKAI-6576
A9: 19417317493 | B9: Cherry Hill Nissan - New Deal | C9: SKAI-6539
A10: 43450789795 | B10: Courtesy Toyota of Brandon | C10: SKAI-6381
A11: 49744203368 | B11: All American Ford Paramus | C11: SKAI-6547
A12: 28833016448 | B12: All American Ford Paramus | C12: SKAI-6547
A13: 28632248101 | B13: Fred Haas Nissan - 90 Day | C13: SKAI-6575
... A108: 28630660793 | B108: Jim Norton Toyota | C108: SKAI-6782

Sheet RO Hist Data Hubspot
A1: Company ID | B1: Company name | C1: Deal Name | D1: Deal ID | E1: RO Hist Jira Ticket by Company Name | F1: RO Hist Jira Ticket by Company Id | G1: RO History Jira Ticket | H1: RO History Progress | I1: Deal ID | J1: Company ID
A2: 19420992263 | B2: Chris Cady | C2: SCOTT CLARK TOYOTA: SKAIVISION FULL | D2: 18274486826 | E2: =VLOOKUP(B2,'RO Hist Tickets Created'!$A:$D,4,FALSE) -> #N/A | F2: =VLOOKUP(A2,'RO Hist Tickets Created'!$B:$D,3,FALSE) -> #N/A | G2: (No value) | H2: Incomplete | I2: 18274486826 | J2: 19420992263
A3: 19420992263 | B3: Chris Cady | C3: SCOTT CLARK HONDA: SKAIVISION FULL | D3: 18274486542 | E3: =VLOOKUP(B3,'RO Hist Tickets Created'!$A:$D,4,FALSE) -> #N/A | F3: =VLOOKUP(A3,'RO Hist Tickets Created'!$B:$D,3,FALSE) -> #N/A | G3: (No value) | H3: Incomplete | I3: 18274486542 | J3: 19420992263
A4: 19421255513 | B4: Gastonia Chevrolet Buick GMC | C4: Gastonia Chevrolet Buick GMC | D4: 18265429104 | E4: =VLOOKUP(B4,'RO Hist Tickets Created'!$A:$D,4,FALSE) -> #N/A | F4: =VLOOKUP(A4,'RO Hist Tickets Created'!$B:$D,3,FALSE) -> #N/A | G4: (No value) | H4: Incomplete | I4: 18265429104 | J4: 19421255513
A5: 19421255554 | B5: Mark Ficken Ford Lincoln | C5: Mark Ficken Ford Lincoln | D5: 18265683747 | E5: =VLOOKUP(B5,'RO Hist Tickets Created'!$A:$D,4,FALSE) -> #N/A | F5: =VLOOKUP(A5,'RO Hist Tickets Created'!$B:$D,3,FALSE) -> #N/A | G5: (No value) | H5: Incomplete | I5: 18265683747 | J5: 19421255554
A6: 19421255967 | B6: Jack Holcomb | C6: NEW SMYRNA BEACH CHEVROLET: SKAIVISION FULL | D6: 18272417718 | E6: =VLOOKUP(B6,'RO Hist Tickets Created'!$A:$D,4,FALSE) -> #N/A | F6: =VLOOKUP(A6,'RO Hist Tickets Created'!$B:$D,3,FALSE) -> #N/A | G6: (No value) | H6: Incomplete | I6: 18272417718 | J6: 19421255967
A7: 19421255967 | B7: Jack Holcomb | C7: NEW SMYRNA BEACH CDJR: SKAIVISION FULL | D7: 18273009803 | E7: =VLOOKUP(B7,'RO Hist Tickets Created'!$A:$D,4,FALSE) -> #N/A | F7: =VLOOKUP(A7,'RO Hist Tickets Created'!$B:$D,3,FALSE) -> #N/A | G7: (No value) | H7: Incomplete | I7: 18273009803 | J7: 19421255967
A8: 19421255999 | B8: New Smyrna Beach Chevrolet | C8: NEW SMYRNA BEACH CHEVROLET: SKAIVISION FULL | D8: 18272417718 | E8: =VLOOKUP(B8,'RO Hist Tickets Created'!$A:$D,4,FALSE) -> #N/A | F8: =VLOOKUP(A8,'RO Hist Tickets Created'!$B:$D,3,FALSE) -> #N/A | G8: (No value) | H8: Incomplete | I8: 18272417718 | J8: 19421255999
A9: 19421256111 | B9: New Smyrna Beach CDJR | C9: New Smyrna Beach CDJR | D9: 21339172672 | E9: =VLOOKUP(B9,'RO Hist Tickets Created'!$A:$D,4,FALSE) -> #N/A | F9: =VLOOKUP(A9,'RO Hist Tickets Created'!$B:$D,3,FALSE) -> #N/A | G9: (No value) | H9: Incomplete | I9: 21339172672 | J9: 19421256111
A10: 19421256460 | B10: Coastal Kia | C10: Coastal Kia | D10: 56611839841 | E10: =VLOOKUP(B10,'RO Hist Tickets Created'!$A:$D,4,FALSE) -> #N/A | F10: =VLOOKUP(A10,'RO Hist Tickets Created'!$B:$D,3,FALSE) -> #N/A | G10: (No value) | H10: Incomplete | I10: 56611839841 | J10: 19421256460
A11: 19421256719 | B11: Mercedes-Benz of Plano | C11: MERCEDES-BENZ OF PLANO | D11: 18274607638 | E11: =VLOOKUP(B11,'RO Hist Tickets Created'!$A:$D,4,FALSE) -> #N/A | F11: =VLOOKUP(A11,'RO Hist Tickets Created'!$B:$D,3,FALSE) -> #N/A | G11: (No value) | H11: Incomplete | I11: 18274607638 | J11: 19421256719
A12: 19421303973 | B12: Scott Clark Honda | C12: SCOTT CLARK HONDA: SKAIVISION FULL | D12: 18274486542 | E12: =VLOOKUP(B12,'RO Hist Tickets Created'!$A:$D,4,FALSE) -> #N/A | F12: =VLOOKUP(A12,'RO Hist Tickets Created'!$B:$D,3,FALSE) -> #N/A | G12: (No value) | H12: Incomplete | I12: 18274486542 | J12: 19421303973
A13: 19421304110 | B13: Scott Clark Nissan | C13: SCOTT CLARK NISSAN: SKAIVISION FULL | D13: 18272418343 | E13: =VLOOKUP(B13,'RO Hist Tickets Created'!$A:$D,4,FALSE) -> #N/A | F13: =VLOOKUP(A13,'RO Hist Tickets Created'!$B:$D,3,FALSE) -> #N/A | G13: (No value) | H13: Incomplete | I13: 18272418343 | J13: 19421304110
... A764: 53021379842 | B764: Lexus of Akron-Canton | C764: Lexus of Akron-Canton | D764: 58025334314 | E764: =VLOOKUP(B764,'RO Hist Tickets Created'!$A:$D,4,FALSE) -> #N/A | F764: =VLOOKUP(A764,'RO Hist Tickets Created'!$B:$D,3,FALSE) -> #N/A | G764: (No value) | H764: Incomplete | I764: 58025334314 | J764: 53021379842
A765: (No value) | B765: (No value) | C765: Stevens Management Group | D765: 34357609812 | E765: =VLOOKUP(B765,'RO Hist Tickets Created'!$A:$D,4,FALSE) -> #N/A | F765: =VLOOKUP(A765,'RO Hist Tickets Created'!$B:$D,3,FALSE) -> #N/A | G765: (No value) | H765: Incomplete | I765: 34357609812 | J765: (No value)
A766: (No value) | B766: (No value) | C766: Auffenberg Auto Group | D766: 47210308416 | E766: =VLOOKUP(B766,'RO Hist Tickets Created'!$A:$D,4,FALSE) -> #N/A | F766: =VLOOKUP(A766,'RO Hist Tickets Created'!$B:$D,3,FALSE) -> #N/A | G766: (No value) | H766: Incomplete | I766: 47210308416 | J766: (No value)
A767: (No value) | B767: (No value) | C767: KCAM | D767: 32669980012 | E767: =VLOOKUP(B767,'RO Hist Tickets Created'!$A:$D,4,FALSE) -> #N/A | F767: =VLOOKUP(A767,'RO Hist Tickets Created'!$B:$D,3,FALSE) -> #N/A | G767: (No value) | H767: Incomplete | I767: 32669980012 | J767: (No value)
A768: (No value) | B768: (No value) | C768: Honda Carland | D768: 23187165605 | E768: =VLOOKUP(B768,'RO Hist Tickets Created'!$A:$D,4,FALSE) -> #N/A | F768: =VLOOKUP(A768,'RO Hist Tickets Created'!$B:$D,3,FALSE) -> #N/A | G768: (No value) | H768: Incomplete | I768: 23187165605 | J768: (No value)
A769: (No value) | B769: (No value) | C769: O'Rielly Chevrolet - New Deal | D769: 54421039943 | E769: =VLOOKUP(B769,'RO Hist Tickets Created'!$A:$D,4,FALSE) -> #N/A | F769: =VLOOKUP(A769,'RO Hist Tickets Created'!$B:$D,3,FALSE) -> #N/A | G769: (No value) | H769: Incomplete | I769: 54421039943 | J769: (No value)
A770: (No value) | B770: (No value) | C770: Berkely Toyota | D770: 52036920846 | E770: =VLOOKUP(B770,'RO Hist Tickets Created'!$A:$D,4,FALSE) -> #N/A | F770: =VLOOKUP(A770,'RO Hist Tickets Created'!$B:$D,3,FALSE) -> #N/A | G770: (No value) | H770: Incomplete | I770: 52036920846 | J770: (No value)
A771: (No value) | B771: (No value) | C771: CDJR of Terre Haute | D771: 38233791045 | E771: =VLOOKUP(B771,'RO Hist Tickets Created'!$A:$D,4,FALSE) -> #N/A | F771: =VLOOKUP(A771,'RO Hist Tickets Created'!$B:$D,3,FALSE) -> #N/A | G771: (No value) | H771: Incomplete | I771: 38233791045 | J771: (No value)
A772: (No value) | B772: (No value) | C772: CDJR of Elizabethton | D772: 20657669014 | E772: =VLOOKUP(B772,'RO Hist Tickets Created'!$A:$D,4,FALSE) -> #N/A | F772: =VLOOKUP(A772,'RO Hist Tickets Created'!$B:$D,3,FALSE) -> #N/A | G772: (No value) | H772: Incomplete | I772: 20657669014 | J772: (No value)
A773: (No value) | B773: (No value) | C773: Bob Hook Chevrolet | D773: 18223152724 | E773: =VLOOKUP(B773,'RO Hist Tickets Created'!$A:$D,4,FALSE) -> #N/A | F773: =VLOOKUP(A773,'RO Hist Tickets Created'!$B:$D,3,FALSE) -> #N/A | G773: (No value) | H773: Incomplete | I773: 18223152724 | J773: (No value)

Sheet RO Hist Jira Ticket Known - Dea
A1: Record ID | B1: Deal Name | C1: RO History Jira Ticket | D1: RO History Progress | E1: Pipeline | F1: Deal Stage | G1: Associated Company | H1: Deal owner | I1: Onboarding Complete Date (Text Offer) | J1: Onboarding Complete Date (Cycle Time) | K1: Onboarding Start Date | L1: Close Date | M1: Associated Product | N1: Cycle Time | O1: Amount | P1: Renewal Terms | Q1: Last Activity Date | R1: Associated Company IDs | S1: Associated Product IDs
A2: 43456829361 | B2: Park Place Acura | C2: SKAI-6474 | D2: Incomplete | E2: SKAIVISION Onboarding Tracker | F2: Pilot | G2: Park Place Acura Plano | H2: Mark Queen | L2: 45875.042 | Q2: 46091.532 | R2: 38581806133
A3: 43468211766 | B3: Coggin Honda Orlando | C3: SKAI-6472 | D3: Incomplete | E3: SKAIVISION Onboarding Tracker | F3: Pilot | G3: Coggin Honda Orlando | H3: Mark Queen | L3: 45875.042 | N3: Yes | O3: 1495 | Q3: 46090.503 | R3: 27213495716
A4: 43485272088 | B4: Honda Boise | C4: SKAI-6475 | D4: Incomplete | E4: SKAIVISION Onboarding Tracker | F4: Pilot | G4: Honda Boise | H4: Mark Queen | L4: 45875.042 | N4: Yes | O4: 1495 | Q4: 46042.538 | R4: 38580191529
A5: 43468211764 | B5: LHM CJDR Surprise | C5: SKAI-6479 | D5: Incomplete | E5: SKAIVISION Onboarding Tracker | F5: Pilot | G5: LHM CJDR Surprise | H5: Mark Queen | L5: 45875.042 | N5: Yes | O5: 1495 | Q5: 46086.658 | R5: 38576186664
A6: 43472412551 | B6: LHM Ford Draper | C6: SKAI-6483 | D6: Incomplete | E6: SKAIVISION Onboarding Tracker | F6: Pilot | G6: LHM Ford Draper | H6: Mark Queen | L6: 45875.042 | Q6: 46097.449 | R6: 38581806131
A7: 43471508618 | B7: LHM Casa Chrysler Jeep | C7: SKAI-6484 | D7: Incomplete | E7: SKAIVISION Onboarding Tracker | F7: Pilot | G7: LHM Casa Chrysler Jeep | H7: Blake Andreese | L7: 45875.042 | Q7: 46091.356 | R7: 38583973296
A8: 43458321045 | B8: Stevinson Hyundai | C8: SKAI-6477 | D8: Incomplete | E8: SKAIVISION Onboarding Tracker | F8: Pilot | G8: Stevinson Hyundai | H8: Blake Andreese | L8: 45875.042 | Q8: 46073.692 | R8: 38581650315
A9: 43450789795 | B9: Courtesy Toyota of Brandon | C9: SKAI-6381 | D9: Incomplete | E9: SKAIVISION Onboarding Tracker | F9: Pilot | G9: Courtesy Toyota of Brandon | H9: Mark Queen | L9: 45875.042 | N9: Yes | O9: 1495 | Q9: 46097.488 | R9: 20253213718
A10: 43483752013 | B10: LHM Honda Murray | C10: SKAI-6482 | D10: Incomplete | E10: SKAIVISION Onboarding Tracker | F10: Pilot | G10: LHM Honda Murray | H10: Mark Queen | L10: 45875.042 | Q10: 46076.682 | R10: 38581806132
A11: 43484782342 | B11: Bill Estes Toyota | C11: SKAI-6481 | D11: Incomplete | E11: SKAIVISION Onboarding Tracker | F11: Pilot | G11: Bill Estes Toyota | H11: Mark Queen | L11: 45875.042 | Q11: 46090.45 | R11: 38586352938
A12: 43483966880 | B12: Hare Honda | C12: SKAI-6480 | D12: Incomplete | E12: SKAIVISION Onboarding Tracker | F12: Pilot | G12: Hare Honda | H12: Mark Queen | L12: 45874.833 | M12: CDK DMS FEE - ONE-TIME;CDK DMS FEE - MONTHLY;SKAIBOX MINI III;SKAIVISION FULL (6 Month Renewal) | N12: Yes | O12: 1495 | Q12: 46097.449 | R12: 38586352939 | S12: 24539557269;2673134739;25646196332;2725210918
A13: 43478850969 | B13: Nalley Lexus Galleria | C13: SKAI-6470 | D13: Incomplete | E13: SKAIVISION Onboarding Tracker | F13: Pilot | G13: Nalley Lexus Galleria | H13: Mark Queen | K13: 45880 | L13: 45874.833 | M13: CDK DMS FEE - MONTHLY;SKAIBOX MINI III;CDK DMS FEE - ONE-TIME;SKAIVISION FULL (6 Month Renewal) | N13: Yes | O13: 1495 | Q13: 46097.642 | R13: 38592278055 | S13: 2673134739;25646196332;24539557269;2725210918
A14: 43480940110 | B14: Stevinson Toyota West | C14: SKAI-6476 | D14: Incomplete | E14: SKAIVISION Onboarding Tracker | F14: Pilot | G14: Stevinson Toyota West | H14: Mark Queen | L14: 45874.833 | M14: CDK DMS FEE - ONE-TIME;CDK DMS FEE - MONTHLY;SKAIVISION FULL (6 Month Renewal);SKAIBOX MINI III | N14: Yes | O14: 1495 | Q14: 46086.501 | R14: 38591658788 | S14: 24539557269;2673134739;2725210918;25646196332
A15: 43458321046 | B15: Coggin Honda St. Augustine | C15: SKAI-6380 | D15: Incomplete | E15: SKAIVISION Onboarding Tracker | F15: Pilot | G15: Coggin Honda St. Augustine | H15: Mark Queen | L15: 45874.833 | M15: CDK DMS FEE - ONE-TIME;CDK DMS FEE - MONTHLY;SKAIVISION FULL (6 Month Renewal);SKAIBOX MINI III | N15: Yes | O15: 1495 | Q15: 46098.388 | R15: 38591814017 | S15: 24539557269;2673134739;2725210918;25646196332
A16: 43483762270 | B16: Coggin Toyota Jacksonville | C16: SKAI-6379 | D16: Incomplete | E16: SKAIVISION Onboarding Tracker | F16: Pilot | G16: Coggin Toyota Jacksonville | H16: Mark Queen | L16: 45874.833 | M16: SKAIVISION FULL (6 Month Renewal);CDK DMS FEE - MONTHLY;CDK DMS FEE - ONE-TIME;SKAIBOX MINI III | N16: Yes | O16: 1495 | Q16: 46090.503 | R16: 38594597212 | S16: 2725210918;2673134739;24539557269;25646196332
A17: 43483953527 | B17: LHM Toyota Peoria | C17: SKAI-6478 | D17: Incomplete | E17: SKAIVISION Onboarding Tracker | F17: Pilot | G17: LHM Toyota Peoria | H17: Mark Queen | L17: 45874.833 | M17: SKAIVISION FULL (6 Month Renewal);SKAIBOX MINI III;CDK DMS FEE - MONTHLY;CDK DMS FEE - ONE-TIME | N17: Yes | O17: 1495 | Q17: 46077.75 | R17: 38593515779 | S17: 2725210918;25646196332;2673134739;24539557269
A18: 43483769255 | B18: David McDavid Honda Irving | C18: SKAI-6473 | D18: Incomplete | E18: SKAIVISION Onboarding Tracker | F18: Pilot | G18: David McDavid Honda Irving | H18: Mark Queen | L18: 45874.833 | M18: CDK DMS FEE - MONTHLY;CDK DMS FEE - ONE-TIME;SKAIBOX MINI III;SKAIVISION FULL (6 Month Renewal) | N18: Yes | O18: 1495 | Q18: 46097.815 | R18: 38589140268 | S18: 2673134739;24539557269;25646196332;2725210918

Sheet RO Hist Tickets Created
A1: Company name Hubspot | B1: Company Record Id Hubspot | C1: DMS | D1: RO History Jira Ticket | E1: Company Status Hubspot | F1: Deal Record Id Hubspot | G1: ro_history_jira_ticket
A2: All American Ford in Old Bridge | B2: 44533904218 | C2: CDK | D2: SKAI-6544
A3: All American Ford in Point Pleasant | B3: 25816059999 | C3: CDK | D3: SKAI-6545
A4: All American Ford of Hackensack | B4: 25724619096 | C4: CDK | D4: SKAI-6546
A5: All American Ford Paramus | B5: 20417675570 | C5: CDK | D5: SKAI-6547
A6: All American Subaru | B6: 44533595240 | C6: CDK | D6: SKAI-6552
A7: Ancira Patriot Buick GMC | B7: 36350869395 | C7: CDK | D7: SKAI-6553
A8: Ancira Winton Chevrolet | B8: 32860759971 | C8: CDK | D8: SKAI-6554
A9: AutoNation Toyota Winter Park | B9: 20977833584 | C9: CDK | D9: SKAI-6539
A10: BMW of Spokane | B10: 34831117652 | C10: CDK | D10: SKAI-6555
A11: Buick GMC of Mahwah | B11: 30681678894 | C11: CDK | D11: SKAI-6556
A12: Burleson Honda | B12: 21221982823 | C12: CDK | D12: SKAI-6557
A13: Capital CDJR Indian Trail | B13: 36632018551 | C13: CDK | D13: SKAI-6558
... A39: Honda of Princeton | B39: 21420096610 | C39: CDK | D39: SKAI-6583
A40: Jim Norton Toyota | C40: CDK | D40: SKAI-6782 | E40: BILLING
A41: Jim Norton Toyota OKC | C41: CDK | D41: SKAI-6663 | E41: BILLING
A42: Jim Shorkey North Hills Chrysler Dodge Jeep Ram | C42: CDK | D42: SKAI-6783 | E42: BILLING
A43: JLR West Broward | C43: CDK | D43: SKAI-6784 | E43: BILLING
A44: John Eagle Honda of Dallas | C44: CDK | D44: SKAI-6785 | E44: BILLING
A45: Keating Nissan | C45: CDK | D45: SKAI-6786 | E45: BILLING
A46: Kia of North Austin | C46: CDK | D46: SKAI-6787 | E46: BILLING
A47: Lakeland Ford | C47: CDK | D47: SKAI-6779 | E47: BILLING
A48: Lakeland Hyundai | C48: CDK | D48: SKAI-6778 | E48: BILLING
A49: Landers McLarty Nissan Huntsville | C49: CDK | D49: SKAI-6788 | E49: BILLING
A50: Lithia CDJR of Spokane | C50: CDK | D50: SKAI-6789 | E50: IN PROGRESS (BILLING)
A51: Mercedes-Benz of Huntsville | C51: CDK | D51: SKAI-6790 | E51: BILLING
... A80: Younger Toyota | C80: CDK | D80: SKAI-6818 | E80: BILLING

Sheet RO Hist Data Sync (Bkup)
A1: Company ID | B1: Company name | C1: Deal Name | D1: Deal ID | E1: RO History Jira Ticket | F1: RO History Progress | G1: Deal ID | H1: Company ID
A2: 19420992263 | B2: Chris Cady | C2: SCOTT CLARK TOYOTA: SKAIVISION FULL | D2: 18274486826 | E2: (No value) | F2: Incomplete | G2: 18274486826 | H2: 19420992263
A3: 19420992263 | B3: Chris Cady | C3: SCOTT CLARK HONDA: SKAIVISION FULL | D3: 18274486542 | E3: (No value) | F3: Incomplete | G3: 18274486542 | H3: 19420992263
A4: 19421255513 | B4: Gastonia Chevrolet Buick GMC | C4: Gastonia Chevrolet Buick GMC | D4: 18265429104 | E4: (No value) | F4: Incomplete | G4: 18265429104 | H4: 19421255513
A5: 19421255554 | B5: Mark Ficken Ford Lincoln | C5: Mark Ficken Ford Lincoln | D5: 18265683747 | E5: (No value) | F5: Incomplete | G5: 18265683747 | H5: 19421255554
A6: 19421255967 | B6: Jack Holcomb | C6: NEW SMYRNA BEACH CHEVROLET: SKAIVISION FULL | D6: 18272417718 | E6: (No value) | F6: Incomplete | G6: 18272417718 | H6: 19421255967
A7: 19421255967 | B7: Jack Holcomb | C7: NEW SMYRNA BEACH CDJR: SKAIVISION FULL | D7: 18273009803 | E7: (No value) | F7: Incomplete | G7: 18273009803 | H7: 19421255967
A8: 19421255999 | B8: New Smyrna Beach Chevrolet | C8: NEW SMYRNA BEACH CHEVROLET: SKAIVISION FULL | D8: 18272417718 | E8: (No value) | F8: Incomplete | G8: 18272417718 | H8: 19421255999
A9: 19421256111 | B9: New Smyrna Beach CDJR | C9: New Smyrna Beach CDJR | D9: 21339172672 | E9: (No value) | F9: Incomplete | G9: 21339172672 | H9: 19421256111
A10: 19421256460 | B10: Coastal Kia | C10: Coastal Kia | D10: 56611839841 | E10: (No value) | F10: Incomplete | G10: 56611839841 | H10: 19421256460
A11: 19421256719 | B11: Mercedes-Benz of Plano | C11: MERCEDES-BENZ OF PLANO | D11: 18274607638 | E11: (No value) | F11: Incomplete | G11: 18274607638 | H11: 19421256719
A12: 19421303973 | B12: Scott Clark Honda | C12: SCOTT CLARK HONDA: SKAIVISION FULL | D12: 18274486542 | E12: (No value) | F12: Incomplete | G12: 18274486542 | H12: 19421303973
A13: 19421304110 | B13: Scott Clark Nissan | C13: SCOTT CLARK NISSAN: SKAIVISION FULL | D13: 18272418343 | E13: (No value) | F13: Incomplete | G13: 18272418343 | H13: 19421304110
... A764: 53021379842 | B764: Lexus of Akron-Canton | C764: Lexus of Akron-Canton | D764: 58025334314 | E764: (No value) | F764: Incomplete | G764: 58025334314 | H764: 53021379842
A765: (No value) | B765: (No value) | C765: Stevens Management Group | D765: 34357609812 | E765: (No value) | F765: Incomplete | G765: 34357609812 | H765: (No value)
A766: (No value) | B766: (No value) | C766: Auffenberg Auto Group | D766: 47210308416 | E766: (No value) | F766: Incomplete | G766: 47210308416 | H766: (No value)
A767: (No value) | B767: (No value) | C767: KCAM | D767: 32669980012 | E767: (No value) | F767: Incomplete | G767: 32669980012 | H767: (No value)
A768: (No value) | B768: (No value) | C768: Honda Carland | D768: 23187165605 | E768: (No value) | F768: Incomplete | G768: 23187165605 | H768: (No value)
A769: (No value) | B769: (No value) | C769: O'Rielly Chevrolet - New Deal | D769: 54421039943 | E769: (No value) | F769: Incomplete | G769: 54421039943 | H769: (No value)
A770: (No value) | B770: (No value) | C770: Berkely Toyota | D770: 52036920846 | E770: (No value) | F770: Incomplete | G770: 52036920846 | H770: (No value)
A771: (No value) | B771: (No value) | C771: CDJR of Terre Haute | D771: 38233791045 | E771: (No value) | F771: Incomplete | G771: 38233791045 | H771: (No value)
A772: (No value) | B772: (No value) | C772: CDJR of Elizabethton | D772: 20657669014 | E772: (No value) | F772: Incomplete | G772: 20657669014 | H772: (No value)
A773: (No value) | B773: (No value) | C773: Bob Hook Chevrolet | D773: 18223152724 | E773: (No value) | F773: Incomplete | G773: 18223152724 | H773: (No value)

Sheet RO Hist Data Hubspot (Bkup2)
A1: Company ID | B1: Company name | C1: Deal Name | D1: Deal ID | E1: RO Hist Jira Ticket by Company Name | F1: RO Hist Jira Ticket by Company Id | G1: RO History Jira Ticket | H1: RO History Progress | I1: Deal ID | J1: Company ID
A2: 19420992263 | B2: Chris Cady | C2: SCOTT CLARK TOYOTA: SKAIVISION FULL | D2: 18274486826 | E2: =VLOOKUP(B2,'RO Hist Tickets Created'!$A:$D,4,FALSE) -> #N/A | F2: =VLOOKUP(A2,'RO Hist Tickets Created'!$B:$D,3,FALSE) -> #N/A | G2: (No value) | H2: Incomplete | I2: 18274486826 | J2: 19420992263
A3: 19420992263 | B3: Chris Cady | C3: SCOTT CLARK HONDA: SKAIVISION FULL | D3: 18274486542 | E3: =VLOOKUP(B3,'RO Hist Tickets Created'!$A:$D,4,FALSE) -> #N/A | F3: =VLOOKUP(A3,'RO Hist Tickets Created'!$B:$D,3,FALSE) -> #N/A | G3: (No value) | H3: Incomplete | I3: 18274486542 | J3: 19420992263
A4: 19421255513 | B4: Gastonia Chevrolet Buick GMC | C4: Gastonia Chevrolet Buick GMC | D4: 18265429104 | E4: =VLOOKUP(B4,'RO Hist Tickets Created'!$A:$D,4,FALSE) -> #N/A | F4: =VLOOKUP(A4,'RO Hist Tickets Created'!$B:$D,3,FALSE) -> #N/A | G4: (No value) | H4: Incomplete | I4: 18265429104 | J4: 19421255513
A5: 19421255554 | B5: Mark Ficken Ford Lincoln | C5: Mark Ficken Ford Lincoln | D5: 18265683747 | E5: =VLOOKUP(B5,'RO Hist Tickets Created'!$A:$D,4,FALSE) -> #N/A | F5: =VLOOKUP(A5,'RO Hist Tickets Created'!$B:$D,3,FALSE) -> #N/A | G5: (No value) | H5: Incomplete | I5: 18265683747 | J5: 19421255554
A6: 19421255967 | B6: Jack Holcomb | C6: NEW SMYRNA BEACH CHEVROLET: SKAIVISION FULL | D6: 18272417718 | E6: =VLOOKUP(B6,'RO Hist Tickets Created'!$A:$D,4,FALSE) -> #N/A | F6: =VLOOKUP(A6,'RO Hist Tickets Created'!$B:$D,3,FALSE) -> #N/A | G6: (No value) | H6: Incomplete | I6: 18272417718 | J6: 19421255967
A7: 19421255967 | B7: Jack Holcomb | C7: NEW SMYRNA BEACH CDJR: SKAIVISION FULL | D7: 18273009803 | E7: =VLOOKUP(B7,'RO Hist Tickets Created'!$A:$D,4,FALSE) -> #N/A | F7: =VLOOKUP(A7,'RO Hist Tickets Created'!$B:$D,3,FALSE) -> #N/A | G7: (No value) | H7: Incomplete | I7: 18273009803 | J7: 19421255967
A8: 19421255999 | B8: New Smyrna Beach Chevrolet | C8: NEW SMYRNA BEACH CHEVROLET: SKAIVISION FULL | D8: 18272417718 | E8: =VLOOKUP(B8,'RO Hist Tickets Created'!$A:$D,4,FALSE) -> #N/A | F8: =VLOOKUP(A8,'RO Hist Tickets Created'!$B:$D,3,FALSE) -> #N/A | G8: (No value) | H8: Incomplete | I8: 18272417718 | J8: 19421255999
A9: 19421256111 | B9: New Smyrna Beach CDJR | C9: New Smyrna Beach CDJR | D9: 21339172672 | E9: =VLOOKUP(B9,'RO Hist Tickets Created'!$A:$D,4,FALSE) -> #N/A | F9: =VLOOKUP(A9,'RO Hist Tickets Created'!$B:$D,3,FALSE) -> #N/A | G9: (No value) | H9: Incomplete | I9: 21339172672 | J9: 19421256111
A10: 19421256460 | B10: Coastal Kia | C10: Coastal Kia | D10: 56611839841 | E10: =VLOOKUP(B10,'RO Hist Tickets Created'!$A:$D,4,FALSE) -> #N/A | F10: =VLOOKUP(A10,'RO Hist Tickets Created'!$B:$D,3,FALSE) -> #N/A | G10: (No value) | H10: Incomplete | I10: 56611839841 | J10: 19421256460
A11: 19421256719 | B11: Mercedes-Benz of Plano | C11: MERCEDES-BENZ OF PLANO | D11: 18274607638 | E11: =VLOOKUP(B11,'RO Hist Tickets Created'!$A:$D,4,FALSE) -> #N/A | F11: =VLOOKUP(A11,'RO Hist Tickets Created'!$B:$D,3,FALSE) -> #N/A | G11: (No value) | H11: Incomplete | I11: 18274607638 | J11: 19421256719
A12: 19421303973 | B12: Scott Clark Honda | C12: SCOTT CLARK HONDA: SKAIVISION FULL | D12: 18274486542 | E12: =VLOOKUP(B12,'RO Hist Tickets Created'!$A:$D,4,FALSE) -> #N/A | F12: =VLOOKUP(A12,'RO Hist Tickets Created'!$B:$D,3,FALSE) -> #N/A | G12: (No value) | H12: Incomplete | I12: 18274486542 | J12: 19421303973
A13: 19421304110 | B13: Scott Clark Nissan | C13: SCOTT CLARK NISSAN: SKAIVISION FULL | D13: 18272418343 | E13: =VLOOKUP(B13,'RO Hist Tickets Created'!$A:$D,4,FALSE) -> #N/A | F13: =VLOOKUP(A13,'RO Hist Tickets Created'!$B:$D,3,FALSE) -> #N/A | G13: (No value) | H13: Incomplete | I13: 18272418343 | J13: 19421304110
... A764: 53021379842 | B764: Lexus of Akron-Canton | C764: Lexus of Akron-Canton | D764: 58025334314 | E764: =VLOOKUP(B764,'RO Hist Tickets Created'!$A:$D,4,FALSE) -> #N/A | F764: =VLOOKUP(A764,'RO Hist Tickets Created'!$B:$D,3,FALSE) -> #N/A | G764: (No value) | H764: Incomplete | I764: 58025334314 | J764: 53021379842
A765: (No value) | B765: (No value) | C765: Stevens Management Group | D765: 34357609812 | E765: =VLOOKUP(B765,'RO Hist Tickets Created'!$A:$D,4,FALSE) -> #N/A | F765: =VLOOKUP(A765,'RO Hist Tickets Created'!$B:$D,3,FALSE) -> #N/A | G765: (No value) | H765: Incomplete | I765: 34357609812 | J765: (No value)
A766: (No value) | B766: (No value) | C766: Auffenberg Auto Group | D766: 47210308416 | E766: =VLOOKUP(B766,'RO Hist Tickets Created'!$A:$D,4,FALSE) -> #N/A | F766: =VLOOKUP(A766,'RO Hist Tickets Created'!$B:$D,3,FALSE) -> #N/A | G766: (No value) | H766: Incomplete | I766: 47210308416 | J766: (No value)
A767: (No value) | B767: (No value) | C767: KCAM | D767: 32669980012 | E767: =VLOOKUP(B767,'RO Hist Tickets Created'!$A:$D,4,FALSE) -> #N/A | F767: =VLOOKUP(A767,'RO Hist Tickets Created'!$B:$D,3,FALSE) -> #N/A | G767: (No value) | H767: Incomplete | I767: 32669980012 | J767: (No value)
A768: (No value) | B768: (No value) | C768: Honda Carland | D768: 23187165605 | E768: =VLOOKUP(B768,'RO Hist Tickets Created'!$A:$D,4,FALSE) -> #N/A | F768: =VLOOKUP(A768,'RO Hist Tickets Created'!$B:$D,3,FALSE) -> #N/A | G768: (No value) | H768: Incomplete | I768: 23187165605 | J768: (No value)
A769: (No value) | B769: (No value) | C769: O'Rielly Chevrolet - New Deal | D769: 54421039943 | E769: =VLOOKUP(B769,'RO Hist Tickets Created'!$A:$D,4,FALSE) -> #N/A | F769: =VLOOKUP(A769,'RO Hist Tickets Created'!$B:$D,3,FALSE) -> #N/A | G769: (No value) | H769: Incomplete | I769: 54421039943 | J769: (No value)
A770: (No value) | B770: (No value) | C770: Berkely Toyota | D770: 52036920846 | E770: =VLOOKUP(B770,'RO Hist Tickets Created'!$A:$D,4,FALSE) -> #N/A | F770: =VLOOKUP(A770,'RO Hist Tickets Created'!$B:$D,3,FALSE) -> #N/A | G770: (No value) | H770: Incomplete | I770: 52036920846 | J770: (No value)
A771: (No value) | B771: (No value) | C771: CDJR of Terre Haute | D771: 38233791045 | E771: =VLOOKUP(B771,'RO Hist Tickets Created'!$A:$D,4,FALSE) -> #N/A | F771: =VLOOKUP(A771,'RO Hist Tickets Created'!$B:$D,3,FALSE) -> #N/A | G771: (No value) | H771: Incomplete | I771: 38233791045 | J771: (No value)
A772: (No value) | B772: (No value) | C772: CDJR of Elizabethton | D772: 20657669014 | E772: =VLOOKUP(B772,'RO Hist Tickets Created'!$A:$D,4,FALSE) -> #N/A | F772: =VLOOKUP(A772,'RO Hist Tickets Created'!$B:$D,3,FALSE) -> #N/A | G772: (No value) | H772: Incomplete | I772: 20657669014 | J772: (No value)
A773: (No value) | B773: (No value) | C773: Bob Hook Chevrolet | D773: 18223152724 | E773: =VLOOKUP(B773,'RO Hist Tickets Created'!$A:$D,4,FALSE) -> #N/A | F773: =VLOOKUP(A773,'RO Hist Tickets Created'!$B:$D,3,FALSE) -> #N/A | G773: (No value) | H773: Incomplete | I773: 18223152724 | J773: (No value)

Sheet HubSpot Export Summary
A1: Company ID | B1: Company name | C1: Deal Name | D1: Deal ID | E1: RO History Jira Ticket | F1: RO History Progress
A2: 31271718771 | B2: Acura Carland | C2: Acura Carland | D2: 34889174963 | E2: (No value) | F2: Incomplete
A3: 23651566772 | B3: Acura of Boston | C3: Acura Of Boston | D3: 23033493847 | E3: (No value) | F3: Incomplete
A4: 29358322084 | B4: Acura of Pembroke Pines | C4: AcuraofPembrokePines - New Deal | D4: 32819599139 | E4: (No value) | F4: Incomplete
A5: 29254738723 | B5: Advantage Chevrolet of Hodgkins | C5: Advantage Chevrolet of Hodgkins | D5: 32960788380 | E5: (No value) | F5: Incomplete
A6: 21362012166 | B6: Aggieland Chevrolet | C6: Aggieland Chevrolet | D6: 57553798191 | E6: (No value) | F6: Incomplete
A7: 25556805517 | B7: Airport Marina | C7: Airport Marina - New Deal | D7: 51663181427 | E7: (No value) | F7: Incomplete
A8: 44533904218 | B8: All American Ford in Old Bridge | C8: All American Ford in Old Bridge - SKAIVISION Lite | D8: 52218580019 | E8: (No value) | F8: Incomplete
A9: 25816059999 | B9: All American Ford in Point Pleasant | C9: All American Ford in Point Pleasant - SKAIVISION Lite | D9: 52601043758 | E9: (No value) | F9: Incomplete
A10: 25816059999 | B10: All American Ford in Point Pleasant | C10: All American Ford in Point Pleasant | D10: 29041702474 | E10: (No value) | F10: Incomplete
A11: 25724619096 | B11: All American Ford of Hackensack | C11: All American Ford of Hackensack | D11: 48359251465 | E11: (No value) | F11: Incomplete
A12: 25724619096 | B12: All American Ford of Hackensack | C12: All American Ford of Hackensack | D12: 28981491066 | E12: (No value) | F12: Incomplete
A13: 20417675570 | B13: All American Ford Paramus | C13: All American Ford Paramus | D13: 49744203368 | E13: (No value) | F13: Incomplete
... A759: 43918655536 | B759: Ziem's Ford Corners | C759: Ziem's Ford Corners - New Deal | D759: 55881971061 | E759: (No value) | F759: Incomplete
A760: (No value) | B760: (No value) | C760: Bob Hook Chevrolet | D760: 18223152724 | E760: (No value) | F760: Incomplete
A761: 43934276131 | B761: (No value) | C761: Aaron Ag | D761: 55815310359 | E761: (No value) | F761: Incomplete
A762: (No value) | B762: (No value) | C762: Auffenberg Auto Group | D762: 47210308416 | E762: (No value) | F762: Incomplete
A763: 43479702158 | B763: (No value) | C763: Platinum Hyundai of Tracy | D763: 55815493901 | E763: (No value) | F763: Incomplete
A764: 48497208853 | B764: (No value) | C764: Pamby Motors - NADA | D764: 56214218070 | E764: (No value) | F764: Incomplete
A765: (No value) | B765: (No value) | C765: Berkely Toyota | D765: 52036920846 | E765: (No value) | F765: Incomplete
A766: (No value) | B766: (No value) | C766: KCAM | D766: 32669980012 | E766: (No value) | F766: Incomplete
A767: (No value) | B767: (No value) | C767: CDJR of Elizabethton | D767: 20657669014 | E767: (No value) | F767: Incomplete
A768: (No value) | B768: (No value) | C768: Honda Carland | D768: 23187165605 | E768: (No value) | F768: Incomplete
A769: (No value) | B769: (No value) | C769: CDJR of Terre Haute | D769: 38233791045 | E769: (No value) | F769: Incomplete
A770: 43811339854 | B770: (No value) | C770: Winn VW | D770: 52032397598 | E770: (No value) | F770: Incomplete
A771: 49760812153 | B771: (No value) | C771: tom wood subaru | D771: 55827760762 | E771: (No value) | F771: Incomplete
A772: (No value) | B772: (No value) | C772: Stevens Management Group | D772: 34357609812 | E772: (No value) | F772: Incomplete
A773: (No value) | B773: (No value) | C773: O'Rielly Chevrolet - New Deal | D773: 54421039943 | E773: (No value) | F773: Incomplete
